case_00.png,0
case_01.png,0
case_02.png,0
case_03.png,0
case_04.png,0
case_05.png,0
case_06.png,0
case_07.png,0
case_08.png,0
case_09.png,0
case_10.png,0
case_11.png,0
case_12.png,0
case_13.png,0
case_14.png,0
case_15.png,0
case_16.png,0
case_17.png,0
case_18.png,0
case_19.png,0
case_20.png,0
case_21.png,0
case_22.png,0
case_23.png,0
case_24.png,0
case_25.png,0
case_26.png,0
case_27.png,0
case_28.png,0
case_29.png,0
case_30.png,0
case_31.png,0
case_32.png,0
case_33.png,0
case_34.png,0
case_35.png,0
case_36.png,0
case_37.png,0
case_38.png,0
case_39.png,0
case_40.png,1
case_41.png,1
case_42.png,1
case_43.png,1
case_44.png,1
case_45.png,1
case_46.png,1
case_47.png,1
case_48.png,1
case_49.png,1
case_50.png,0
case_51.png,0
case_52.png,0
case_53.png,0
case_54.png,0
case_55.png,0
case_56.png,0
case_57.png,0
case_58.png,0
case_59.png,0
case_60.png,0
case_61.png,0
case_62.png,0
case_63.png,0
case_64.png,0
case_65.png,0
case_66.png,0
case_67.png,0
case_68.png,0
case_69.png,0
case_70.png,0
case_71.png,0
case_72.png,0
case_73.png,0
case_74.png,0
case_75.png,0
case_76.png,0
case_77.png,0
case_78.png,0
case_79.png,0
case_80.png,0
case_81.png,0
case_82.png,0
case_83.png,0
case_84.png,0
case_85.png,0
case_86.png,0
case_87.png,0
case_88.png,0
case_89.png,0
case_90.png,0
case_91.png,0
case_92.png,0
case_93.png,0
case_94.png,0
case_95.png,0
case_96.png,1
case_97.png,1
case_98.png,1
case_99.png,1
case_100.png,1
case_101.png,1
case_102.png,1
case_103.png,1
case_104.png,0
case_105.png,0
case_106.png,0
case_107.png,0
case_108.png,0
case_109.png,0
case_110.png,0
case_111.png,0
case_112.png,0
case_113.png,0
case_114.png,0
case_115.png,0
case_116.png,0
case_117.png,0
case_118.png,0
case_119.png,0
case_120.png,0
case_121.png,0
case_122.png,0
case_123.png,0
case_124.png,0
case_125.png,0
case_126.png,0
case_127.png,0
case_128.png,0
case_129.png,0
case_130.png,0
case_131.png,0
case_132.png,0
case_133.png,0
case_134.png,0
case_135.png,0
case_136.png,1
case_137.png,0
case_138.png,0
case_139.png,0
case_140.png,0
case_141.png,0
case_142.png,0
case_143.png,0
case_144.png,0
case_145.png,0
case_146.png,0
case_147.png,0
case_148.png,1
case_149.png,1
case_150.png,1
case_151.png,1
case_152.png,1
case_153.png,1
case_154.png,1
case_155.png,1
case_156.png,0
case_157.png,0
case_158.png,0
case_159.png,0
case_160.png,0
case_161.png,0
case_162.png,0
case_163.png,0
case_164.png,0
case_165.png,0
case_166.png,0
case_167.png,0
case_168.png,0
case_169.png,0
case_170.png,0
case_171.png,0
case_172.png,0
case_173.png,0
case_174.png,0
case_175.png,0
case_176.png,0
case_177.png,0
case_178.png,0
case_179.png,0
case_180.png,0
case_181.png,0
case_182.png,0
case_183.png,0
case_184.png,0
case_185.png,0
case_186.png,0
case_187.png,0
case_188.png,0
case_189.png,0
case_190.png,0
case_191.png,0
case_192.png,0
case_193.png,0
case_194.png,0
case_195.png,0
case_196.png,0
case_197.png,0
case_198.png,0
case_199.png,0
case_200.png,0
case_201.png,0
case_202.png,0
case_203.png,0
case_204.png,0
case_205.png,0
case_206.png,0
case_207.png,1
case_208.png,1
case_209.png,0
case_210.png,0
case_211.png,0
case_212.png,0
case_213.png,0
case_214.png,0
case_215.png,0
case_216.png,0
case_217.png,0
case_218.png,0
case_219.png,0
case_220.png,0
case_221.png,0
case_222.png,0
case_223.png,0
case_224.png,0
case_225.png,0
case_226.png,0
case_227.png,0
case_228.png,0
case_229.png,0
case_230.png,0
case_231.png,0
case_232.png,0
case_233.png,0
case_234.png,0
case_235.png,0
case_236.png,0
case_237.png,0
case_238.png,0
case_239.png,0
case_240.png,0
case_241.png,0
case_242.png,0
case_243.png,0
case_244.png,0
case_245.png,0
case_246.png,0
case_247.png,0
case_248.png,0
case_249.png,0
case_250.png,0
case_251.png,0
case_252.png,0
case_253.png,0
case_254.png,0
case_255.png,0
case_256.png,1
case_257.png,1
case_258.png,1
case_259.png,1
case_260.png,1
case_261.png,1
case_262.png,1
case_263.png,1
case_264.png,1
case_265.png,1
case_266.png,1
case_267.png,0
case_268.png,0
case_269.png,0
case_270.png,0
case_271.png,0
case_272.png,0
case_273.png,0
case_274.png,0
case_275.png,0
case_276.png,0
case_277.png,0
case_278.png,0
case_279.png,0
case_280.png,0
case_281.png,0
case_282.png,0
case_283.png,0
case_284.png,0
case_285.png,0
case_286.png,0
case_287.png,0
case_288.png,0
case_289.png,0
case_290.png,0
case_291.png,0
case_292.png,0
case_293.png,0
case_294.png,0
case_295.png,0
case_296.png,0
case_297.png,1
case_298.png,1
case_299.png,1
case_300.png,1
case_301.png,1
case_302.png,1
case_303.png,1
case_304.png,1
case_305.png,1
case_306.png,1
case_307.png,1
case_308.png,1
case_309.png,1
case_310.png,1
case_311.png,1
case_312.png,1
case_313.png,1
case_314.png,0
case_315.png,0
case_316.png,0
case_317.png,0
case_318.png,0
case_319.png,0
case_320.png,0
case_321.png,0
case_322.png,0
case_323.png,0
case_324.png,0
case_325.png,0
case_326.png,0
case_327.png,0
case_328.png,0
case_329.png,0
case_330.png,0
case_331.png,0
case_332.png,0
case_333.png,0
case_334.png,0
case_335.png,0
case_336.png,0
case_337.png,0
case_338.png,0
case_339.png,0
case_340.png,0
case_341.png,0
case_342.png,0
case_343.png,0
case_344.png,0
case_345.png,0
case_346.png,0
case_347.png,0
case_348.png,0
case_349.png,0
case_350.png,0
case_351.png,0
case_352.png,0
case_353.png,0
case_354.png,0
case_355.png,0
case_356.png,0
case_357.png,1
case_358.png,1
case_359.png,1
case_360.png,1
case_361.png,1
case_362.png,1
case_363.png,1
case_364.png,1
case_365.png,1
case_366.png,1
case_367.png,1
case_368.png,1
case_369.png,1
case_370.png,1
case_371.png,1
case_372.png,0
case_373.png,0
case_374.png,0
case_375.png,0
case_376.png,0
case_377.png,0
case_378.png,0
case_379.png,0
case_380.png,0
case_381.png,0
case_382.png,0
case_383.png,0
case_384.png,0
case_385.png,0
case_386.png,0
case_387.png,0
case_388.png,0
case_389.png,0
case_390.png,0
case_391.png,0
case_392.png,0
case_393.png,0
case_394.png,0
case_395.png,0
case_396.png,0
case_397.png,0
case_398.png,0
case_399.png,0
case_400.png,0
case_401.png,0
case_402.png,0
case_403.png,0
case_404.png,0
case_405.png,0
case_406.png,0
case_407.png,0
case_408.png,0
case_409.png,0
case_410.png,0
case_411.png,0
case_412.png,0
case_413.png,0
case_414.png,0
case_415.png,0
case_416.png,0
case_417.png,1
case_418.png,1
case_419.png,1
case_420.png,1
case_421.png,1
case_422.png,1
case_423.png,1
case_424.png,1
case_425.png,1
case_426.png,1
case_427.png,1
case_428.png,1
case_429.png,1
case_430.png,1
case_431.png,1
case_432.png,0
case_433.png,0
case_434.png,0
case_435.png,0
case_436.png,0
case_437.png,0
case_438.png,0
case_439.png,0
case_440.png,0
case_441.png,0
case_442.png,0
case_443.png,0
case_444.png,0
case_445.png,0
case_446.png,0
case_447.png,0
case_448.png,0
case_449.png,0
case_450.png,0
case_451.png,0
case_452.png,0
case_453.png,0
case_454.png,0
case_455.png,0
case_456.png,0
case_457.png,0
case_458.png,0
case_459.png,0
case_460.png,0
case_461.png,0
case_462.png,0
case_463.png,0
case_464.png,0
case_465.png,0
case_466.png,0
case_467.png,0
case_468.png,0
case_469.png,0
case_470.png,0
case_471.png,0
case_472.png,0
case_473.png,1
case_474.png,1
case_475.png,1
case_476.png,1
case_477.png,1
case_478.png,1
case_479.png,1
case_480.png,1
case_481.png,1
case_482.png,1
case_483.png,1
case_484.png,1
case_485.png,1
case_486.png,0
case_487.png,0
case_488.png,0
case_489.png,0
case_490.png,0
case_491.png,0
case_492.png,0
case_493.png,0
case_494.png,0
case_495.png,0
case_496.png,0
case_497.png,0
case_498.png,0
case_499.png,0
case_500.png,0
case_501.png,0
case_502.png,0
case_503.png,0
case_504.png,0
case_505.png,0
case_506.png,0
case_507.png,0
case_508.png,0
case_509.png,0
case_510.png,0
case_511.png,0
case_512.png,0
case_513.png,0
case_514.png,0
case_515.png,0
case_516.png,0
case_517.png,0
case_518.png,0
case_519.png,0
